Wall time,Step,Value
1670198169.4646327,0,42.70595169067383
1670198195.9598744,1,43.97758865356445
1670198221.807217,2,43.98301696777344
1670198247.2389233,3,44.32424545288086
1670198273.1892443,4,56.20317840576172
1670198298.2230911,5,70.83167266845703
1670198324.225375,6,70.08358764648438
1670198349.1854239,7,73.5032958984375
1670198373.4439673,8,74.14067840576172
1670198397.29151,9,73.71659851074219
1670198421.5797,10,74.04039764404297
1670198446.2184975,11,74.7336196899414
1670198471.0260565,12,73.7276611328125
1670198495.1438608,13,73.80947875976562
1670198519.0516896,14,72.54319763183594
1670198543.3338969,15,74.92881774902344
1670198569.4072313,16,75.101806640625
1670198595.6468806,17,75.13599395751953
1670198621.6626165,18,75.20819854736328
1670198647.1038463,19,75.4444351196289
1670198672.5128238,20,75.32606506347656
1670198696.5641656,21,76.01057434082031
1670198721.1638281,22,76.19660186767578
1670198745.9001746,23,76.62445068359375
1670198770.9114015,24,77.2922134399414
1670198794.891325,25,77.68138885498047
1670198818.8661215,26,78.06341552734375
1670198842.5873096,27,78.58549499511719
1670198867.2838223,28,78.87060546875
1670198892.2204185,29,79.44742584228516
1670198916.8793385,30,80.25616455078125
1670198940.7639804,31,84.7424087524414
1670198964.9054108,32,88.20533752441406
1670198988.6037686,33,90.1561508178711
1670199013.7029016,34,90.65105438232422
1670199038.6288524,35,94.30315399169922
1670199062.7974312,36,95.60415649414062
1670199086.9214878,37,96.98627471923828
1670199110.959285,38,97.13530731201172
1670199135.9562855,39,97.45060729980469
