Wall time,Step,Value
1670198168.2598646,0,42.36006164550781
1670198194.694672,1,41.935482025146484
1670198220.47539,2,43.22418212890625
1670198246.0195887,3,44.187217712402344
1670198271.9444528,4,70.66532135009766
1670198296.971951,5,73.21879577636719
1670198323.0089889,6,73.2493667602539
1670198347.8000035,7,75.97173309326172
1670198372.1836526,8,74.3951644897461
1670198396.063041,9,76.26007843017578
1670198420.3552852,10,76.8378677368164
1670198444.9969292,11,76.77940368652344
1670198469.8088334,12,76.89202880859375
1670198493.8806891,13,76.93083953857422
1670198517.8449907,14,75.99797821044922
1670198542.1103914,15,76.91532135009766
1670198568.1741154,16,77.29566192626953
1670198594.353028,17,77.5541000366211
1670198620.3953342,18,76.71370697021484
1670198645.7517166,19,76.8378677368164
1670198671.255961,20,78.21031188964844
1670198695.2333007,21,77.59315490722656
1670198719.920814,22,77.67137145996094
1670198744.644096,23,78.34844207763672
1670198769.6545982,24,77.9515609741211
1670198793.670057,25,78.78024291992188
1670198817.62357,26,79.49622344970703
1670198841.3474112,27,80.0704574584961
1670198866.042905,28,80.19153594970703
1670198891.0005257,29,80.11077880859375
1670198915.615082,30,80.57518005371094
1670198939.5274575,31,84.52983093261719
1670198963.659829,32,91.33064270019531
1670198987.3562467,33,92.59072875976562
1670199012.44336,34,94.008056640625
1670199037.2364647,35,94.9118423461914
1670199061.550863,36,96.67841339111328
1670199085.6974506,37,96.9727554321289
1670199109.6725404,38,95.3125
1670199134.706169,39,98.23677825927734
